species_id,species,level,move_id,move,name_zh_hans,reason
1,bulbasaur,7,73,leech-seed,寄生种子,status
1,bulbasaur,31,388,worry-seed,烦恼种子,status
2,ivysaur,1,73,leech-seed,寄生种子,status
2,ivysaur,7,73,leech-seed,寄生种子,status
2,ivysaur,36,388,worry-seed,烦恼种子,status
3,venusaur,1,73,leech-seed,寄生种子,status
3,venusaur,7,73,leech-seed,寄生种子,status
3,venusaur,39,388,worry-seed,烦恼种子,status
4,charmander,16,82,dragon-rage,龙之怒,variable_or_zero_power
5,charmeleon,17,82,dragon-rage,龙之怒,variable_or_zero_power
6,charizard,17,82,dragon-rage,龙之怒,variable_or_zero_power
7,squirtle,22,182,protect,守住,status
7,squirtle,37,240,rain-dance,求雨,status
8,wartortle,24,182,protect,守住,status
8,wartortle,44,240,rain-dance,求雨,status
9,blastoise,24,182,protect,守住,status
9,blastoise,53,240,rain-dance,求雨,status
12,butterfree,22,18,whirlwind,吹飞,status
12,butterfree,30,366,tailwind,顺风,status
12,butterfree,34,476,rage-powder,愤怒粉,status
12,butterfree,36,219,safeguard,神秘守护,status
16,pidgey,17,18,whirlwind,吹飞,status
16,pidgey,41,366,tailwind,顺风,status
16,pidgey,45,119,mirror-move,鹦鹉学舌,status
17,pidgeotto,17,18,whirlwind,吹飞,status
17,pidgeotto,47,366,tailwind,顺风,status
17,pidgeotto,52,119,mirror-move,鹦鹉学舌,status
18,pidgeot,17,18,whirlwind,吹飞,status
18,pidgeot,50,366,tailwind,顺风,status
18,pidgeot,56,119,mirror-move,鹦鹉学舌,status
25,pikachu,13,486,electro-ball,电球,variable_or_zero_power
25,pikachu,53,113,light-screen,光墙,status
41,zubat,29,212,mean-look,黑色目光,status
41,zubat,35,114,haze,黑雾,status
41,zubat,43,501,quick-guard,快速防守,status
42,golbat,32,212,mean-look,黑色目光,status
42,golbat,40,114,haze,黑雾,status
42,golbat,51,501,quick-guard,快速防守,status
74,geodude,4,300,mud-sport,玩泥巴,status
74,geodude,12,222,magnitude,震级,variable_or_zero_power
74,geodude,28,446,stealth-rock,隐形岩,status
75,graveler,1,300,mud-sport,玩泥巴,status
75,graveler,4,300,mud-sport,玩泥巴,status
75,graveler,12,222,magnitude,震级,variable_or_zero_power
75,graveler,30,446,stealth-rock,隐形岩,status
76,golem,1,484,heavy-slam,重磅冲撞,variable_or_zero_power
76,golem,1,300,mud-sport,玩泥巴,status
76,golem,4,300,mud-sport,玩泥巴,status
76,golem,12,222,magnitude,震级,variable_or_zero_power
76,golem,30,446,stealth-rock,隐形岩,status
76,golem,60,484,heavy-slam,重磅冲撞,variable_or_zero_power
92,gastly,5,180,spite,怨恨,status
92,gastly,8,212,mean-look,黑色目光,status
92,gastly,12,174,curse,诅咒,status
92,gastly,15,101,night-shade,黑夜魔影,variable_or_zero_power
92,gastly,40,194,destiny-bond,同命,status
92,gastly,47,171,nightmare,恶梦,status
93,haunter,1,180,spite,怨恨,status
93,haunter,5,180,spite,怨恨,status
93,haunter,8,212,mean-look,黑色目光,status
93,haunter,12,174,curse,诅咒,status
93,haunter,15,101,night-shade,黑夜魔影,variable_or_zero_power
93,haunter,50,194,destiny-bond,同命,status
93,haunter,61,171,nightmare,恶梦,status
94,gengar,1,180,spite,怨恨,status
94,gengar,5,180,spite,怨恨,status
94,gengar,8,212,mean-look,黑色目光,status
94,gengar,12,174,curse,诅咒,status
94,gengar,15,101,night-shade,黑夜魔影,variable_or_zero_power
94,gengar,50,194,destiny-bond,同命,status
94,gengar,61,171,nightmare,恶梦,status
123,scyther,5,116,focus-energy,聚气,status
129,magikarp,1,150,splash,跃起,status
129,magikarp,30,175,flail,抓狂,variable_or_zero_power
130,gyarados,23,82,dragon-rage,龙之怒,variable_or_zero_power
130,gyarados,38,240,rain-dance,求雨,status
133,eevee,1,270,helping-hand,帮助,status
133,eevee,33,226,baton-pass,接棒,status
133,eevee,45,376,trump-card,王牌,variable_or_zero_power
134,vaporeon,1,270,helping-hand,帮助,status
134,vaporeon,25,392,aqua-ring,水流环,status
134,vaporeon,33,114,haze,黑雾,status
135,jolteon,1,270,helping-hand,帮助,status
136,flareon,1,270,helping-hand,帮助,status
143,snorlax,33,214,sleep-talk,梦话,status
143,snorlax,41,335,block,挡路,status
143,snorlax,44,187,belly-drum,腹鼓,status
143,snorlax,50,484,heavy-slam,重磅冲撞,variable_or_zero_power
147,dratini,15,82,dragon-rage,龙之怒,variable_or_zero_power
147,dratini,45,219,safeguard,神秘守护,status
148,dragonair,15,82,dragon-rage,龙之怒,variable_or_zero_power
148,dragonair,53,219,safeguard,神秘守护,status
149,dragonite,15,82,dragon-rage,龙之怒,variable_or_zero_power
149,dragonite,53,219,safeguard,神秘守护,status
151,mew,1,513,reflect-type,镜面属性,status
151,mew,1,144,transform,变身,status
151,mew,20,118,metronome,挥指,status
151,mew,70,382,me-first,抢先一步,status
151,mew,80,226,baton-pass,接棒,status
161,sentret,1,193,foresight,识破,status
161,sentret,16,270,helping-hand,帮助,status
161,sentret,19,266,follow-me,看我嘛,status
161,sentret,39,226,baton-pass,接棒,status
161,sentret,42,382,me-first,抢先一步,status
162,furret,1,193,foresight,识破,status
162,furret,17,270,helping-hand,帮助,status
162,furret,21,266,follow-me,看我嘛,status
162,furret,46,226,baton-pass,接棒,status
162,furret,50,382,me-first,抢先一步,status
169,crobat,32,212,mean-look,黑色目光,status
169,crobat,40,114,haze,黑雾,status
169,crobat,51,501,quick-guard,快速防守,status
183,marill,5,346,water-sport,玩水,status
183,marill,16,270,helping-hand,帮助,status
183,marill,28,392,aqua-ring,水流环,status
183,marill,31,240,rain-dance,求雨,status
184,azumarill,1,346,water-sport,玩水,status
184,azumarill,5,346,water-sport,玩水,status
184,azumarill,16,270,helping-hand,帮助,status
184,azumarill,31,392,aqua-ring,水流环,status
184,azumarill,35,240,rain-dance,求雨,status
194,wooper,5,300,mud-sport,玩泥巴,status
194,wooper,37,240,rain-dance,求雨,status
194,wooper,43,54,mist,白雾,status
194,wooper,43,114,haze,黑雾,status
195,quagsire,1,300,mud-sport,玩泥巴,status
195,quagsire,5,300,mud-sport,玩泥巴,status
195,quagsire,41,240,rain-dance,求雨,status
195,quagsire,48,54,mist,白雾,status
195,quagsire,48,114,haze,黑雾,status
196,espeon,1,270,helping-hand,帮助,status
196,espeon,29,244,psych-up,自我暗示,status
196,espeon,45,384,power-swap,力量互换,status
197,umbreon,1,270,helping-hand,帮助,status
197,umbreon,37,212,mean-look,黑色目光,status
197,umbreon,45,385,guard-swap,防守互换,status
212,scizor,5,116,focus-energy,聚气,status
261,poochyena,13,316,odor-sleuth,气味侦测,status
261,poochyena,16,46,roar,吼叫,status
261,poochyena,28,373,embargo,查封,status
261,poochyena,31,269,taunt,挑衅,status
262,mightyena,13,316,odor-sleuth,气味侦测,status
262,mightyena,16,46,roar,吼叫,status
262,mightyena,32,373,embargo,查封,status
262,mightyena,36,269,taunt,挑衅,status
278,wingull,12,54,mist,白雾,status
279,pelipper,1,366,tailwind,顺风,status
279,pelipper,1,487,soak,浸水,status
279,pelipper,1,346,water-sport,玩水,status
279,pelipper,12,54,mist,白雾,status
279,pelipper,25,182,protect,守住,status
279,pelipper,33,254,stockpile,蓄力,status
279,pelipper,33,255,spit-up,喷出,variable_or_zero_power
279,pelipper,39,374,fling,投掷,variable_or_zero_power
279,pelipper,44,366,tailwind,顺风,status
280,ralts,9,100,teleport,瞬间移动,status
280,ralts,14,381,lucky-chant,幸运咒语,status
280,ralts,19,505,heal-pulse,治愈波动,status
280,ralts,29,286,imprison,封印,status
281,kirlia,1,100,teleport,瞬间移动,status
281,kirlia,9,100,teleport,瞬间移动,status
281,kirlia,14,381,lucky-chant,幸运咒语,status
281,kirlia,19,505,heal-pulse,治愈波动,status
281,kirlia,33,286,imprison,封印,status
282,gardevoir,1,581,misty-terrain,薄雾场地,status
282,gardevoir,1,361,healing-wish,治愈之愿,status
282,gardevoir,1,100,teleport,瞬间移动,status
282,gardevoir,9,100,teleport,瞬间移动,status
282,gardevoir,14,273,wish,祈愿,status
282,gardevoir,19,505,heal-pulse,治愈波动,status
282,gardevoir,35,286,imprison,封印,status
285,shroomish,8,73,leech-seed,寄生种子,status
285,shroomish,22,388,worry-seed,烦恼种子,status
286,breloom,1,73,leech-seed,寄生种子,status
286,breloom,8,73,leech-seed,寄生种子,status
286,breloom,22,68,counter,双倍奉还,variable_or_zero_power
286,breloom,33,170,mind-reader,心之眼,status
298,azurill,1,150,splash,跃起,status
298,azurill,5,346,water-sport,玩水,status
298,azurill,16,270,helping-hand,帮助,status
322,numel,8,116,focus-energy,聚气,status
322,numel,12,222,magnitude,震级,variable_or_zero_power
322,numel,29,174,curse,诅咒,status
323,camerupt,1,90,fissure,地裂,variable_or_zero_power
323,camerupt,1,116,focus-energy,聚气,status
323,camerupt,8,116,focus-energy,聚气,status
323,camerupt,12,222,magnitude,震级,variable_or_zero_power
323,camerupt,29,174,curse,诅咒,status
323,camerupt,59,90,fissure,地裂,variable_or_zero_power
361,snorunt,32,182,protect,守住,status
361,snorunt,50,258,hail,冰雹,status
362,glalie,1,329,sheer-cold,绝对零度,variable_or_zero_power
362,glalie,32,182,protect,守住,status
362,glalie,54,258,hail,冰雹,status
362,glalie,61,329,sheer-cold,绝对零度,variable_or_zero_power
380,latias,1,361,healing-wish,治愈之愿,status
380,latias,1,270,helping-hand,帮助,status
380,latias,1,273,wish,祈愿,status
380,latias,1,149,psywave,精神波,variable_or_zero_power
380,latias,1,219,safeguard,神秘守护,status
380,latias,4,346,water-sport,玩水,status
380,latias,16,505,heal-pulse,治愈波动,status
380,latias,28,375,psycho-shift,精神转移,status
380,latias,36,513,reflect-type,镜面属性,status
380,latias,46,470,guard-split,防守平分,status
380,latias,61,361,healing-wish,治愈之愿,status
381,latios,1,262,memento,临别礼物,status
381,latios,1,270,helping-hand,帮助,status
381,latios,1,377,heal-block,回复封锁,status
381,latios,1,149,psywave,精神波,variable_or_zero_power
381,latios,1,219,safeguard,神秘守护,status
381,latios,4,182,protect,守住,status
381,latios,16,505,heal-pulse,治愈波动,status
381,latios,28,375,psycho-shift,精神转移,status
381,latios,36,477,telekinesis,意念移物,status
381,latios,46,471,power-split,力量平分,status
381,latios,61,262,memento,临别礼物,status
